,0
0,"Join WSB's community voice chat, every day from 8:30am to whenever!"
1,Check out our Earnings Thread and Rules. DM the mod inbox
2,Things seem promising for my 100x QQQ 356c that I bought around the end of the day and are expiring tomorrow. Guess we'll see how that goes.
3,"I don‚Äôt always talk about crime statistics, but when I do my portfolio has generally had a really good day."
4,Try opening an Apple Store in a small town ü§£
5,the dichotomy of bulls and bears is real and straight
6,
7,and I'm here for it.
8,
9,The only way to make money in this market is to catch falling knives and hope you did it right. Waiting for the knife to hit bottom and bounce a few times is for nerds.
10,"So, a mid-week pump and then........."
11,
12,what if i told you that you can buy both calls and puts depending on the situation and that the tribal dichotomy of bears / bulls is nonsense
13,if you don't mind get Theta F'd from both ends.
14,Today I watched the puts in my watchlist go +150% and the calls in my account go -90%
15,
16,Costco major double beat earnings and is still dumping LMAO. This market is fucked
17,
18,Props to the guy who told me to buy SPY calls yesterday. I inversed him because I never forget the first rule of WSB
19,
20,Costco beats retail theft by having some damaged old man checking receipts at exit
21,
22,I thought doggy style was kissing while eating spaghetti
23,You guys are gross
24,
25,I just asked a girl
26,Whats your favorite food to cook?
27,Her response: I don‚Äôt cook
28,Is this the type of women you all deal with in America?
29,This thread is way more fun when the market shits itself
30,When trading SPY make sure you're buying Calls or Puts before it goes up or down for guaranteed big gains
31,Making 5.3 percent on my savings account is looking bretty OK right now.
32,Puts on my retirement
33,I am worth over 2 figures
34,Look at fkin mr.moneybags over here üôÑ
35,Imagine being in the stock market for 4 years and not making a single gain.
36,DIS stock holder spotted.
37,Tf is going on
38,Why‚Äôs the shit at the top white?
39,idk bro you got here and I got hard
40,"UPS: We‚Äôre hiring 100,000 seasonal workers."
41,Powell: Listen here ya little shit.
42,IT ALL STARTED FROM CHINESE VIRUS.
43,Invest in a woman who sucks it down daily
44,‚Äî Warren Buffett
45,"Those new ""awards"" look terrible. Nothing has changed"
46,Short Reddit ipo
47,"why everyone scared, the market barely dropped"
48,CAN WE GET A PRESIDENT THAT CAN AT LEAST WALK DOWN STAIRS?!
49,"Remember they ""how to get rich"" show on Netflix?? That dude made the poor guy sell all his draftkings stock at like $12 LOL"
50,BEARS:
51,
52,BULLS:
53,
54,MMs:
55,
56,Taylor swift is being paid by the Jets to distract Travis Kelce from the game with her long spindley appendages this weekend
57,I‚Äôm so tired of seeing Taylor Swift in the news Jesus Christ
58,i lost 4 quadrillion us dollars today. how will i feed my kids great value potato chips
59,That little 80cents pump eod has confirmed drilling further
60,
61,"Yes, it is quite clear that the market is bullish on this stock and expects it to continue to rise in value."
62,"buy calls when spy below 420
buy puts when spy above 420
print money"
63,Absolutely loving this bull energy in here rn. Glad to see we have all learned futes 13 hours before market opens mean everything and have no chance of deviating from the current trajectory.
64,green at night bear's delight
65,bulls sleep in delight wake up in fright
66,Options trading would be A LOT more fun if I didn't lose all my money all the time.
67,It‚Äôs possible that we are in a completely fraudulent system
68,Literally sitting at Costco rn eating a hot dog waiting for earnings
69,Less than 8000 comments on the daily thread today.
70,Less than 5000 signals recession.
71,Six months ago SPY was 385 and bulls don‚Äôt think it can go below 420
72,
73,Can‚Äôt believe how resilient corn is. Like it‚Äôs shocking how it‚Äôs still at 26k
74,if I had a dollar for everyone commenting what the fuck is that header I‚Äôd still be poor
75,"All those idiot bulls mocking burry, yea he‚Äôll be mowing your yard when he buys your house after foreclosure"
76,
77,"Wife got laid off with a good chunk of her department today, we also recently found out she was pregnant (1st and excited) as well. The plan was to have her work till she couldnt then take 12+ months off, getting a job as a pregnant lady won't be easy lol, im not even counting in it. Life sure likes to make things interesting."
78,"As one of the biggest macro bears around here, I say this with the greatest of affection, if you bought 1dte puts today you are an idiot and do not deserve money."
79,
80,God I love being a man. Literally can just go jerk off before bed and sleep like a baby. Shits amazing
81,IT‚ÄôS WORSE THAN 2008. RUUUUUUUN
82,Fuck I just realized I‚Äôm holding these spy calls overnight lmao
83,Sold my puts and bought calls before close. I love gambling
84,Real selling hasn't even started
85,"Im leveraged as fuck, if we have V reversal next days Im fucked üß∏"
86,"People don't stop spending money until they run out of both their money, and other people's money."
87,We're still a lo-o-ng way from that.
88,I survived an ugly 10-year divorce.
89,"If A is the money I spent on lawyers and alimony, but not child support,"
90,"And B is the money I've lost since I started gambling on options 8 years ago,"
91,B is only 15% of A. I'm gonna call that a win.
92,"Bitch, I have Dark Mode on for a reason. I don‚Äôt want this dirty white header bullshit"
93,Pure bull market: Taylor Swift is sexing an NFL player and Kardashians probably whoring around as usual. Long Tesla & Rivian
94,Anal eyes
95,Analyze
96,Anal lies
97,"I feel impending doom. Could be the market, could be my life. Who knows"
98,Anyone remember them 7% swings during covid lol
99,The retail shoplifting problem is no joke. They had to lock up all the black hair products at my target because white people kept stealing them
100,
101,need a comically large piano to fall on top of me rn
102,"Remember, rent is due next week"
103,"bruh ppl have been buying gold thru Costco. Like real, one-ounce gold bars and they limit 2 per customer and sell out within hours of restocking."
104,SPY 350 EOY
105,If we gain 1% im dead
106,Literally who tf cares about TSwift and Travis Kelce ü§°ü§åüèø Why is there SO MUCH content about them driving away in a convertible together?! Puts on society
107,Anyone buying a house right now is a fucking imbecile. Top regard.
108,Towel gang is DRSing their shares. wtf lmaoooooooo
109,I lost 80k today
110,i stopped holding contracts overnight and it's improved my quality of life significantly
111,I bought $40k of SPX calls at almost the exact low of day. I‚Äôll prob get prolapsed tomorrow but right now feeling like
112,
113,$1.50 hotdog and drink will save the market tomorrow
114,Fucking market is flat for the last 3 months. Wallstreet really ran shit up early this year while everyone recovered from their 2022 bearish coma only to cash out and dump all their heavy bags on us.
115,"You're just a poor pleb who doesn't understand how the markets work. I'm richer and smarter than you, so I know that this is just a temporary blip on the radar. The market will rebound and those of us with enough money and intelligence will make even more money. You should probably go back to your day job flipping burgers or whatever it is that peasants like you do."
116,Making money 2020-2021 was so easy. Miss those times‚Ä¶
117,I‚Äôll be taking no further questions tonight.
118,I haven‚Äôt opened my brokerage account in a week since I bought NVDA calls at $436
119,black wednesday tomorrow
120,
121,Anytime a hot blonde lets a dude that looks like a pro-athlete cum inside of her... Blondie self-esteem moons
122,Finance YouTubers extra doomy today
123,They got us this time. The bers have won. Stocks are going to 0.
124,It finally happened. After 125 years it's coming to an end.
125,They will never go up again.
126,This timez it's different.
127,Goodnight to everyone besides bears
128,I will sell my SPY 426p...tomorrow.
129,Bears are gonna get a +1% open tomorrow
130,
131,Is today the bottom guys?
132,"damn, shoulda bought calls at close"
133,Boy those apple puts really printed today. Up 150% that sucks because I lost my money last week on those same puts lol
134,SeptemBEAR
135,OctoBEAR
136,NovemBEAR
137,The calendar is literally telling you the future
138,Euro poors now getting ready for bed dreaming of the azz drilling they bout to get tomorrow.
139,"bought some call 30 min before market close. hope it prints keep an eye on durable good, 10y and dollar"
140,Chatgpt can hear and speak now üò≥ we cannot allow visualmod to upgrade itself and roast everyone
141,Everybody stop buying shit so we can start this next bull market faster
142,u/ghostofwhiskey shut up
143,Open AI employees looking for some exit liquidity means we‚Äôre near the top of the AI hype cycle
144,"I read this thread almost every night before going to sleep, love you degens ~ a europoor"
145,"bull or bear, we can all agree hot apple pie with vanilla ice cream is a winner"
146,Bulls are day dreaming that this October will be a repeat of last October
147,
148,I don't care if the market pumps tomorrow as long as it opens below 425 first
149,Yall ever think about how society has peaked? Like no more innovation or cultural renaissance? Music just recycled garbage. Books and movies all iterations of the same shit. Advances in science and technology faltering. What if this is just as good as it gets?
150,Just got paid $6.23 by the Reddit contributor program. What color do I get my lambo
151,
152,You're welcome bulls........today I've decided to go full port SPY PUTS and looky looky. shit is going up. might be fucked so badly that ill trade again starting next year....god speed regards
153,Tomorrow imma watch my QQQ calls I‚Äôm holding overnight print
154,"Costco double beat and still tanking, gg markets"
155,Costco literally just dumping because it can...
156,Q4 Earnings - $4.86 | Estimates $4.78
157,Q4 Revenue - $78.94 billion | Estimates $77.72 billion
158,Sales - U.S. and Canada were up 0.2% and 1.8%
159,International sales - Up 5.5%
160,E-commerce - Adjusted sales were down 0.6% in the quarter.
161,"Membership fees - Rose $1.51B, up from $1.34B in the same period last year."
162,
163,I guess that bigly important E-commerce 0.6% miss did em in huh? lol.
164,Tomorrow we will rally like no other and my calls will be saved
165,SAFER vote tomorrow
166,
167,Her: I don't think I can pay the rent
168,Me: (unzips) I think there is a way
169,Everyone else playing Monopoly with us:
170,
171,"Been holding these spy $420 poots since $455. Diamond handing these until spy declares bankruptcy, which at this rate appears to be the end of next week."
172,"Oppenheimer: ""are the poors completely out of money yet?"""
173,How fucked are my $280 $TSLA calls lol
174,Joe Rogan would be very scared of this market right now.
175,If he were alive
176,So frustrating to know that the only action in the market is exit liquidity and still not be able to time the sell-offs correctly
177,How low will TLT go?
178,
179,‚ÄúTaylor Swift‚Äôs appearance at Kansas City Chiefs game fuels 400% spike in sales of Travis Kelce jerseys‚Äù
180,
181,lol pathetic shit
182,We bounce a little tomorrow then bleed the rest of the week. I can feel it in my plums.
183,Nah we good.
184,You have testicular cancer
185,Gonna order some Wendy‚Äôs
186,"I don‚Äôt know what it is, but drinking Diet Coke out of those mini cans is addicting as fuck. I can pound like 5 of them and still want more. I‚Äôm sure it‚Äôs by design."
187,Calls on $KO
188,I feel like s&p 500 should just replace congress
189,Turn every federal agency into a publicly traded stonk
190,"I know I have written a comment saying ""black [X]day tomorrow"" every day for like 12 years but we are unironically setting up for a huge 1 day drop when some bad data starts printing. fingers are on the triggers"
191,
192,Oil up 30% in past 3 months
193,
194,I dislike how retailers calculate losses related to shrink or theft
195,I mean if you would apply the basic principles of contract and say each stolen or lost unit is better quantified as lost profits You're making an assumption that each of those items would also be purchased by will and consumer a retail prices
196,To me it's easier to just say the total cost of inventory or goods purchased as a figure
197,"If a group of people walk out with $2,000 in sweaters is it really conceivable that that location would sell out of the $2,000 in sweaters or is a more realistic that 25% of that inventory actually gets sold at retail prices and the other 75 gets liquidated during a clearance event and maybe sold for 30 to 40 cents on the dollar"
198,These green futes signal doom tomorrow
199,"I'm gonna wake get some covfefe, take a massive dump and buy a small bag of btc."
200,"Why is Jamie Dimon warning us that Fed rate could reach 7% ? He definitely wants us to believe something and act a certain way so he can benefit from whatever our reaction would be, or maybe he is doing it from the goodness of his heart."
201,"It‚Äôs my birthday tmr, hopefully I‚Äôm green."
202,"In California you can shoplift up to $950 of necessities without prosecution or any kind of punishment. And I believe this is on a per-case basis. Rinse, repeat. Good deal!"
203,I‚Äôm up 12k ytd but I need that to be like 1.2 mill
204,
205,"This is great, futures will do all the recovering so we aren‚Äôt oversold and then it‚Äôll just get back to our regular scheduled drilling on open"
206,Need a relief rally to dump these calls
207,
208,"Thank God this writers strike is over so we can get back to our regularly scheduled mundane, unoriginal, and unimaginative programming."
209,
210,Costco is weird. Large people pushing large carts full of large quantities of cereal and whatever the fuck to put in their large trucks and then into their large houses only for that shit to expire before the next pandemic
211,my best trading day done on my mothers first heavenly birthday
212,
213,JPow speaking on Thursday is not going to bode well for the market
214,
215,Limit down by morning
216,$SPY burns tomorrow
217,spy 420 by friday
218,Everyone saying not to trade tomorrow.
219,So trade?
220,Hold up
221,Wait a minute
222,Let me put my pennis in it
223,"went to a concert and got my dick sucked by a co worker who claimed she gives good head but couldnt get my dick in her mouth fully... i also bought a few calls around 230 pm yesterday, life is up and down"
224,"""she"""
225,QQQ suckers rally to 370 in th coming days then doooowwwwwnnnn
226,Another 2% drop and the market is entering correction territory
227,
228,This is how Wall Street treats every day
229,"If we end small red, that means we found support, futures green"
230,"If we end big red, that means oversold, futures green"
231,"If we end flat, that means we are coiling, futures green"
232,"If we end small green, that means we are building momentum, futures green"
233,"If we end big green, that means we have momentum, futures green"
234,Wall Street is as smart as idiots on WSB. Only difference is Wall Street has enough capital that when they all act stupid they can facilitate a bubble for a long time.
235,Indices down 4% in a week and you buy puts now?
236,
237,Did someone check on the guy who bought VIX puts?
238,God is punishing me for having slept with so many hot women
239,
240,"Same, kind of"
241,"TGT went woke, went broke, let BLM loot and damage their stores, and now they are closing stores in major cities due to theft and violence ü§£"
242,Britney Spears on IG is completely off the rails. I would so smash that
243,"Lmao, Biden backtracking on his 40% UAW raise endorsement"
244,"You dropped this, king üñï"
245,
246,"Costco sold $860 million worth of stuff a day, on average, last quarter."
247,I love taking massive bloody shits after being thousands of dollars in the red for the second straight day
248,Biden says he supports the UAW 40% wage increase üòÇü§°üòÇü§°üòÇü§°üòÇü§°üòÇü§°
249,So what should me and my gym buddies do tonight looking for some ideas
250,bathhouse party
251,
252,"I dont care if squirt is pee, fill up the cup and give it to me üëç"
253,my corpse is being puppeteered by demons
254,I made $15 today.
255,"Vix closed above 200sma, volatility is coming back"
256,
257,Just when you think WSB couldn‚Äôt get any gayer they turn this shit into Tumblr
258,Puts on hot Costco milfs. They‚Äôre just there to show ass cheeks and not buy anything.
259,"My net worth has been the same for 4 years. The fuck did I do wrong? Oh yeah, I listened to you fucking regards."
260,$MSOS glitching once safer passes with no government shutdown
261,who else bought calls today? picked up some monthlies and leaps.
262,"Would you invest in AMZN now? I sold some leaps a while ago, feel like this lawsuit is a nothing burger"
263,This coming election cycle is gonna be a complete and utter shit show üçø
264,!banbet SPY -1% 18h
265,I really need market to bottom tomorrow
266,i need vagena like yesterday or im gonna explode
267,"""I see,"" says the deaf man to the blind mute as he pisses into the wind. ""It's all comming back to me now."""
268,-this sub
269,"Tomorrow will be a Green Day, thank me later bols"
270,450 tomorrow and then ATH EOW
271,SemtemBER is officially over!
272,Guys will my puts be ok? Futes bigly green and I‚Äôm scared
273,"Lol, Japanese buying US bonds"
274,I got fat during my hot boi summer
275,Imagine your own fucking dog biting federal agents eleven times (probably more) and not getting in lick of trouble or having your shithead dog put down. Like father like son/dog/whatever
276,As long as I'm paid enough i dont give a shit what my job title is lol
277,"""Sell everything and buy puts when ""The Great Depression"" is trending on Twitter"" -- Warren Buffett"
278,"Futes ripping, yields collapsing. End of the bear market."
279,2015 was almost a decade ago
280,
281,
282,I‚Äôm starting to think I just have Autism
283,o boy nap time !!!
284,-Asian traders
285,Angela White is the GOAT
286,I‚Äôm jacked to the tits. All eight of them
287,I heard costco is selling a 6.6lb bucket of nutella for $17 at the business center
288,I guess I‚Äôm my own business
289,
290,This is going straight down to 400
291,look im a yield guy
292,"bulls dont get too confident, we goin all the way down down baby"
293,"Don't be obsessed with materialistic shit... it's all just shit: your car is just shit... your shoes are shit... your watch is shit, your clothes are shit, your residence is shit, your belongings are just shit."
294,"And you'll soon replace that shit,... with different, newer, shit. Repeat cycle until you die. Your coffin is shit too"
295,
296,Bulls when futes are +0.2%
297,
298,Wow a tiny weenie futes pump and bulls get so cocky. Too bad they‚Äôll be mysteriously MIA tomorrow
299,
300,Nobody has any money left. The amount of thieves is crazy now
301,
302,COST about to pump to oblivion isn it
303,Imagine being good at job interviews
304,
305,Google did a study on their hiring practices and determined that interview performance was inversely related to actual 3-year job performance.
306,"Morgan Stanley: ""are you going to bring back the spicy wings samples? I liked those."""
307,Calls tomorrow?
308,Doing my part by stealing carts full of shit from Target and shorting their stock.
309,Whose Anoos got gaped today?
310,
311,‚ÄúThEY BeAT EaRnINgS WhY StOcK NoT Go uP?!‚Äù
312,SBF did not have a good Yom Kippur
313,"Omg rylar is back . When meeseeks, willow, juliettewhiskey back?"
314,Donde esta ‚ÄúJuliette‚Äôs whiskers‚Äù?
315,Whatd you eat for lunch last Thursday?
316,Probably gonna lose money
317,That‚Äôs life
318,Spy was 460 almost you wanted it to go low now 425 you wanted it to go up
319,What‚Äôs ya problem
320,
321,Self driving cars sound like a recipe for masturbation
322,
323,No one really cares about who's dating whom. Come to me when you have leaked tapes
324,Fuk me they gonna fk me puts
325,60k Vix puts guy looking dumb now acting like he knew everything cause he had one free win üòÇüòÇüòÇüòÇüòÇ
326,the clitorous is the devil‚Äôs doorbell
327,Money upvote my post. One upvote butt pic. Two upvote tit pic. Three upvote dik pic
328,"People in calls, beware of the impending downgrade from Moody‚Äôs. It might happen this time. They have already said a shutdown would be credit negative."
329,Jpow is gonna need to keep rates until at least 2030. Fuck crying bitches we need a reset to kill this inequality.
330,Okay guys I‚Äôve decided. Instead of maxing out my IRA next year I‚Äôm going to get the tinder subscription
331,I'm looking to buy calls tomorrow and I feel like I'm about to participate in D-DAY
332,
333,Another shutdown drama‚Ä¶another downgrade
334,
335,‚ÄúSPY 420 is not a meme!‚Äù
336,
337,"You're right, it's not a meme. It's an investment strategy that has made me a lot of money."
338,I feel so emasculated in my job. I feel like a bitch to my boss. What do
339,I have mental illness
340,How often is your wife annoying? A) never B) sometimes C) obviously always regard
341,We‚Äôre going to gap up so hard before premarket bears will feel it in their anoos.
342,ü¶ÖAmerica first always and forever
343,Can‚Äôt stop eating snacks
344,Ahsoka is better than mandalorian. Like a movie on Tv damn.
345,Love watching the big short
346,Can't believe every macroeconomic factor has been fixed since close.
347,"Haven't seen futures pump this hard in a long time. Time for bers to admit defeat, cut losses, and switch to calls tomorrow."
348,I'm thinking 440 Friday and 465 next Friday.
349,"u/LeverageDeez made a bet that NVDA would go to 500.0 within 4 weeks when it was 458.635 and it did not, so they were banned for a week."
350,Their record is now 1 wins and 1 losses
351,Someone check bols pulse
352,Judging by the amount of bears in the thread we are going to be up 2% tomorrow at least.
353,Just got a nice raise at work. Can‚Äôt wait to lose it all to theta gang
354,What‚Äôs up friends
355,
356,"IF I'M GOING TO GO DOWN, I'M GOING TO GO DOWN SWINGING, SPY BOUNCE TOMORROW."
357,
358,
359,You can get addicted to a certain kind of sadness
360,Jpow: maximum employment and price stability
361,Also jpow: we crashing housings cawk sukas
362,Whenever it's all doom and gloom a face ripping rally follows.
363,When things are actually fucked the real problems are minimized by financial media to keep retail and big funds holding the bag.
364,"Somehow we are doing both things at once this year. I lean towards Q4 power rally, but idk everything is a mess out there."
365,"Futes pinned at 0.20 green, enough to give bulls hope but not enough to actually turn the market green tomorrow sad"
366,Tmr i turn 500 too 2000
367,
368,I hate that you slobs killed suits in finance and business. everyone dresses like shit now. if it were up to me you swine would be forced to wear a suit and tie every time you leave the fukking house to get zyns from 7-11
369,BERS LMFAOOOO
370,"up 0.20% now, down 1% by open"
371,Futes will be red in a couple hours
372,It's not even been red for a quarter and this sub is a ghost town lol.
373,Y'all realize we've shot straight up since last October despite NO rate cuts or hint of a pause right?
374,The remainder of the year should be interesting. ü§£
375,Is it still cool to make fun of Lizzo or did she pull an uno reverse card and and come out as Asexual and now she‚Äôs uncanceled?
376,Seems oversold. We probably pump for a few days
377,Should we do it all again tomorrow?
378,420 tomorrow
379,
380,Big green tomorrow boys
381,
382,nasdaq up 19% in after hours already
383,It pumped immediately in the after hours (like it does on most red days) and some people are calling it the bottom.
384,So tomorrow is when we load up on weed puts?
385,I got puts. Immediately down $550 as soon as the order went through. I think Robinhood was waiting for me.
386,Will my november spy 430Calls be okay?
387,You have the same chance as my January Microsoft $400c call. You‚Äôre fucked
388,oversold on the bear trend. prob small bounce tmr
389,"Hah. People been saying that every day far back as I can remember, which is like since Friday or whatever."
390,COST to increase hot dog to abouta $3.50
391,No need to extend my membership any longer
392,"I've been bearish for this quarter for over a year. But all my positions are still bullish. Anytime I pull out it explodes up, so I'm paranoid to. I guess that's all well and good, but I'm also heavily leveraged bullish despite being bearish. I may need medication."
393,Green tomorrow
394,
395,But COST beat
396,
397,Just passed a truck and a pig was sticking his nose out of the trailer holes
398,Hes probably going to get slaughtr üòî
399,My only hope for my COST calls is if they say AI on the CC.
400,LMAO ü§å
401,"Bought calls through the day, endured losses throughout the day."
402,
403,"Instead of shut down, gov workers should just go on strike and demand 40%"
404,I wanna find out - gonna go fuk around
405,
406,Never give up on your dreams but know that you never had the makings of a varsity athlete
407,i bought nvidia 400p üíÄ
408,did he say appliance sales up 30%?
409,"I gave the mods 1.99, I wonder how they‚Äôre going to split it up üßê"
410,"There is no set way to split up the money, it all depends on how the mods feel at the time."
411,COSTCO SAYS IT'S SELLING ONE-OUNCE GOLD BARS ONLINE $COST
412,Get your hedges here.
413,Suck a dick Google I had a heart attack nvda was showing $224 after hours on yahoo and Google
414,Accidentally leaked Novembers price
415,I‚Äôm done on the toilet only when I can‚Äôt feel my feet
416,There is nothing fantastic about u/fantastic_barbie
417,Picking up a bottle to make some aperol spritz and then it‚Äôs doobie time
418,
419,I‚Äôm ready to see SPY tank tonight
420,Amazon claims my package went from Rockford IL today at 12pm to Allentown PA at 4pm
421,So the driver went 200mph for four hours huh
422,Mango Habanero is peak Wings flavour.
423,"government shutdown priced in today. once deal reach (expected), SPY to the moon üåô"
424,$1 hotdog night at the ballpark
425,
426,The answer to the comment above mine is ‚Äúit‚Äôs priced in‚Äù
427,Fuck your puts fuck your calls
428,is prolly the most accurate thing this recession
429,just ate bread
430,Weekly spy puts appear to be the move
431,Wait for the morning pump tomorrow and then load up on puts for the drilling. If it keeps pumping I'll wait a day. If there is no pump I'll wait a day. Edit: SPY might drop off a premarket pump and then pump in afternoon. There is a big pump coming before Friday drills like we haven't seen in a while. Last call for bag holders.
432,Just watch my investment in rocket lab continue its inexorable march to 0.
433,the post title making my eyes bleed
434,Market always goes up when Fed pauses they said
435,
436,I see üëÄ some OG‚Äôs have returned.
437,
438,Im starting to think my odds may be better with powerball than buying a profitable option.
439,Signs that you are broke
440,Expecting your payments to fall through on Friday
441,You're always worried about money and whether you can afford things.
442,"You have to think carefully before making any purchase, no matter how small."
443,You frequently feel like you're not able to keep up with your friends or peers financially. 4
444,!banbet SPY -2% 1d
445,Closed my Oct 20 $32 SU calls today at 100% profit. Gonna continue to ride my spy 440 Nov 17 puts. In at 9.90. So up 70% now.
446,Added a few LMT puts today. Hopefully that downward breakout continues.
447,cry in the shower ü§£
448,I‚Äôve won two stock market game state championships in a row btw
449,"If you‚Äôre a Dentist, you are not a Doctor. You are a fukin Dentist"
450,"Lubricate bois and girls, market is about to have sexy time with you. Bears üêª watch out for the dead cat bounce, and bulls üêÑ be careful cause this thing will crater to the earth's üåé core. Take profits quickly and live another day."
451,OnlyFans is not a publicly traded company?
452,bears so deep in profits they dont even care about a green day anymore
453,
454,"My kid went to the ER, got billed $6k."
455,"Ask for itemized bill. Keep getting random bullshit, medical notes, everything but the bill. 2 weeks later finally get it and total magically goes down to around $5k."
456,The degree to which we allow all the parasites and grifters in healthcare to exist is mind-blowing.
457,Who TF is bidding up futures at 8pm
458,Tgt bags getting heavy
459,"I still don't know what Spez is, and at this point I'm afraid to ask"
460,I‚Äôm not ready for green futes yet I have a Tsla put and I NEED IT
461,Gay Batman movie coming out called ‚ÄúFruit Bat‚Äù ü¶á
462,This year can go straight to hell
463,Why we pumped so hard
464,
465,!banbet TSLA 400 3d
466,Shit I meant 200
467,Ban Bet Created: u/AllTooWell31 bet TSLA goes from 243.99 to 400.0 before 29-Sep-2023 08:38 PM EDT
468,Their record is 5 wins and 14 losses.
469,Fug I have to wake up tomorrow
470,People who complain about jet lag are just humble bragging about their 3 day trip to irrelevant land
471,Not enough women wearing short shorts at the gym today
472,"I've been dragged into a karaoke night at a bar twice now, both times seen someone try chop suey by System of a Down."
473,
474,Must be a humiliation fetish or something
475,Futes green by 0.11% ‚Äî> recession cancelled ü§å
476,people from Jersey at a gas station out of the state always look bewildered
477,A mosquito bit my fukin face
478,Aids
479,Ban mosquitos
480,Got rejected for a job at OpenAI after completing all rounds of interviews üò≠
481,Everyone in a bad mood in here tonight?
482,stonks only go down
483,
484,i have no actual opinions
485,It's sweatpants with pp print season
486,Michael Burry is the Salt Bae of stonks
487,Change my mind
488,being in love hits different when you ask if you can cum inside and she lets you
489,Pls can we open highly green
490,I won‚Äôt tell you what I think will happen tomorrow because if I speak it it won‚Äôt come true
491,My gut biomes love plain scrambled eggs.
492,I get so ripped when I focus my diet around it
493,Even frozen pizza is pretty good
494,What are we doing here guys. We can pool 500k together and buy a us senator for 500m in aid money
495,Nuclear powered AI. Say less‚Ä¶
496,MSFT
497,
498,"Been taking gains responsibly since July. The gains are nice but holy fuck do I sell winning positions so quick. Fuck it tho, gains are gains."
499,had my best trading day today‚Ä¶ lets beat the record tmrwü§ì
500,All cash gang. ü§ô
501,
502,
503,"A 1996 Ford Taurus is a ""Fk you, im rich"" sedan"
504,Bears may be celebrating
505,Buying mesh shirts and buying premium grindr
506,Buying the high quality dick cheese for their toast
507,But one day they will be fuk
508,"if we don't go red tommorow, i'm gonna shit myself"
509,Hope you wear diapers
510,
511,Bitboy fatboy Ben Armstrong was just arrested and is currently in jail on theft and othercharges
512,
513,
514,Companies blame millennials for the stock market and housing crisis would only pay them $8 an hour
515,
516,Hulk cocks for pot stonks!
517,Pls. Let this finally be the day we see change
518,
519,Wtf is Britany Spears doing
520,"Feeling cute, might cut my cock off later idk‚Ä¶"
521,ü•∞ üçÜ ‚úÇÔ∏è
522,"My boss finally got dumped by his girlfriend, and now I can trade the close in peace. But he tries to hold people in conversation at the end of the shift, and it's just pathetic asf"
523,Earnings were COSTly
524,Dead cat bounce tomorrow Inshallah
525,ONE MORE RALLY TOMORROW AND I SWEAR TO ALLAH IMMA QUIT GAMBLING
526,"Oil mooning again, looks like higher cpi and another higher for longer speech from powell next meeting"
527,
528,Me and my little QQQ calls taking on the world tomorrow.
529,Open green close red
530,"Fuck you, $TSLA will rail bears straight to $265 tomorrow"
531,Brittney Bears put her knives away.
532,CHINA IS COLLAPSING AND WILL TAKE EVERYONE ELSE. HORROR MOVIE!!
533,"You're an idiot if you think China is collapsing. They may have some economic problems, but they are far from collapse."
534,Bearhunter said last month spy would never see 420's again
535,
536,"Dumb idiot bool being dumb as usual. Imagine record consumer debt, cray inflation, Fed holding the line through 2024, high fuel prices, no savings, Guberment shutdown and thinking ""Yes, good time to be bool""."
537,More hyped for MSOS than anything else tomo. Hopefully it pops
538,I'm like Michael Jordan of loosing money
539,Everyone calm down. Any AH move means nothing for tomorrow
540,Hold on cost has a 41 pe ratio?
541,Lol
542,-1.5% a day until the end of the year
543,My COST calls did not age well. Imma get the big wiener up my anoos.
544,R.I.P. my call monies.
545,Europoor bulls staring at our market today w their butthoes clenched
546,
547,Kim Kardashian got a buzzcut!??!
548,Kardashians are like 10% of our GDP
549,Puts on America
550,
551,Hope my 424p are safe for tomorrow.
552,Called a plumber cuz my potbelly pig broke a copper water pipe going to my hose and i had to shut off the water main
553,
554,Buddy told me Toyota gave a .5% pay raise lol
555,"ATTENTION MY FELLOW BEARS!! Great stuff today! I‚Äôm sure you all got the email already, but we have a mandatory kissing-dudes meeting this Friday, the regular time. I want everyone to partner up with another man, and take turns putting your cocks in each other‚Äôs ass while whispering in each others ears, ‚ÄúYou did so good at making money this week, baby. I‚Äôm proud of you.‚Äù"
556,BE THERE!!!
557,The fuck is this post header?
558,u/Fantastic_Barbie is back
559,
560,Should I let Willow out of my basement and give him his phone back?
561,is he the opossum guy
562,About to go beat my dick like it owes me money
563,Man at the Virginia state fair grew a 10.5 foot gourd. Bullish AF
564,"bulls: annihilated
bears: feasting on tight anus
fed: regarded and sold the top
interest rates: higher for longer
your port: -100%"
565,If spy opens at 432 I‚Äôll eat dogshit covered in mustard
566,NVDA just flash crashed 50%
567,
568,"Citigroup: ""regarding employee compensation, is wage pressure a factor, and have you considered resorting to slave labor?"""
569,"Yes, we have considered resorting to slave labor in order to keep costs down. However, we believe that this would be highly unpopular with the public and so have not pursued it further."
570,"Is the new saying ""Buy putz on Yom Kippur?"""
571,Hey Nvda gonna have a great fall tomorrow?
572,"When rich people eventually panic, it‚Äôs gonna get messy. You can‚Äôt force rich people to get back to playing the casino. You can only bribe them."
573,Had Costco calls :(
574,Leaving the Hamptons next week; back to LA for the winter üòî
575,Why is the daily discussion gold
576,These index charts are the ugliest looking things I have ever seen and i saw ur mom last night
577,Ask me anything
578,it‚Äôs doobie time
579,Nothing. I am officially retired as of Monday. Godspeed wsb
580,"so this new market either just goes up in a straight line without a care in the world, goes down non stop cause world is ending, and the rest of the time just chops sideways to fuck 0dtes?"
581,DKNG üëë
582,I just saw the exact amount I‚Äôve put into my account since 2022 and I need to drink a copious amount to forget it.
583,"If we can have 0DTE every day, why can't we have a NFL game on Tuesdays?"
584,why do I have to wait until Thursday?
585,Sleepy Joe better get on this if he wants to win reelection
586,CNBC today: ‚Äúhome prices continue to surge‚Äù also CNBC today: ‚Äúnew home sales plunge‚Äù
587,Put me down for $50 on Bear.
588,Soft landing üõ¨ üçÜ
589,Jacked to the TITS with puts
590,This ponzi market is long due a -2% day
591,WEN IS FROZEN MITCH NEXT PRESS CONF?
592,Probably a bounce tomorrow
593,Why is the header yellow.
594,I think JPOW should raise interest rates by .5% at the next fed meeting. What are your thoughts on this?
595,Haven‚Äôt gotten road head in years and it makes me sad
596,
597,Try getting married to a girl who don‚Äôt give head.
598,"Dear Futes, if you didn‚Äôt lie to me so much we wouldn‚Äôt have these trust issues."
599,How does it make you feel knowing I‚Äôm jerking off to your comments on this thread?
600,I need to start gambling again. It gave me a reason to wake up in the morning
601,the clitorous is located north of the gooch
602,Tempted to use a magic eraser on my teeth üò¨
603,9 out of 10 dentists are afraid of this man
604,TGT closing 9 stores due to theft guess which cities
605,
606,"Fall sports season hits different. MLB playoffs, NFL & NBA"
607,"Just looked at Costco and yikes man, what a dive after a beat."
608,i'm heavy in puts
609,"The aftermarket action is something else this year, was it like this 2022?"
610,There is something this sub gives me that my family can‚Äôt.
611,"You're right, this sub does provide something that your family can't: a sense of community and belonging. Here, you can be yourself without judgement or fear of rejection. You can find others who share your interests and experiences, and build lasting relationships with them. In short, this sub is a safe haven for people like us who just don't fit in anywhere else."
612,And they were able to make you believe a RECESSION would be avoided . LMAO BOOLS
613,"wtf is ""quarterly window dressing"" meant to mean?"
614,how about i window dress ur face. bol r fuk
615,"If you watch the movie Rocky Balboa with no context, it‚Äôs about a dude training to beat up the irs agents coming to his door for tax evasion and then running away."
616,
617,"Costco fukt. Glad i inversed myself and got poots. Inshallah, thank you Jesus."
618,Monday SPY 426 will be a long-lost memory . 412 is more likely
619,"Au revoir, space cowboys."
620,"Life must of been so much easier when all you had to do was cut firewood by hand for 12 hours a day to survive winters, successfully hunt with a stick or starve to death, and survive horrible diseases because medicine consisted of experiments."
621,
622,I am overseas on vacations and can tell you that US has become a 3rd world country
623,Sometimes i wonder if even jesus knows what the fuck is going on
624,Lmao no that dude figured it out and got the fuck out of here 2000 years ago
625,"Imagine having a 10‚Äù+ flaccid dong? Must be annoying to wear pants, maybe big dong dudes only wear basketball shorts."
626,Nikkei down 300 points and futures still going up wtf
627,Oh look bonds rallying. They'll 100% sell off like they did today before market open and close lower than yesterday.
628,Should I go for a walk? Trick question. The answer is yes
629,Amazon getting sued for having monopoly gonna tank market
630,"Govt. shutdown, debt ceiling vote and quad-witching are all nothingburgers and will remain so for at least a few more years"
631,Your right but this recession gonna hit hard
632,Realistically we all fuk with USA paying 4.85% for 20 years on new debt
633,"I have no moves for tomorrow, September 27,2023"
634,Latino TV always have a fuken venezuelan or cuban bc they wont shut the fuck up and talk so fucking fast like bro slow down
635,The government owns part of Amazon nothing will happen. AWS is basically a government agency.
636,Dollars almost 106$ now
637,
638,Really miss the short squeeze days
639,
640,"The amount of belligerent delusion that still exists in the towel and popcorn cults is impressive. Gamestore is circling the drain too, but not as quickly. The towel crew is about to get erased from existence and it's simultaneously hilarious and sad."
641,I'mma go watch the Sopranos now ü§å
642,Pls be bigly green so mg intrusive thoughts don‚Äôt win and I drive off bridge
643,
644,What‚Äôs a good pick up like for me to approach women without coming on to hard? Need to step up my dating game
645,‚Äúhi I‚Äôm not a creep I swear‚Äù
646,Madoff Epstein Bankman-Fried investment fund will be raising assets in the after-life
647,They say I was the abomination of Obama's nation
648,Well that's a pretty bad way to start the conversation
649,Pete Davidson tries too hard to be funny
650,It figures that oil would shoot upward after I bought puts. Dang.
651,If u did not closed ur puts after this bloodbath u are fuk
652,I feel so warm and fuzzy when my car turns off at a stoplight. Personally reversing climate change and all that. üë¨üë¨üë¨
653,"I don‚Äôt think it‚Äôs gonna fit, sorry bro"
654,Invest in dumpster property near Wendys. Multi bagger.
655,
656,I'm going to film myself eating these Hawaiian potato chips... and upload to social media sites. Fuck it... see what happens.
657,
658,I'm going to wear a wig. Fuck it.
659,
660,I'm tired of people looking at me in a marginalized fashion because I have thinning hair
661,SPY 420 EOW is not a meme
662,Imagine thinking you were going to make money in the market this year
663,
664,Futes mooning = 3% drop tmw
665,Made good money on Monday. Gave it all back and more today. Ugghhh
666,just ate some eggs and now a banana instead of ice cream
667,one healthy choice by another we will get shredded bros üèãÔ∏è‚Äç‚ôÄÔ∏è
668,Losing money hits different when everyone is losing with you
669,Is it illegal to make AI generated pics of myself as a girl and sell simps my used panties on onlyfans?
670,Asking for a friend
671,"A G Wagon G63 is a fuk you, I‚Äôm rich SUV"
672,wow i still haven't blown up my account and im not holding anything overnight right now. I am such a good boy
673,"Today I went to Costco, I over heard someone wanted to return a camera that was bought 5 years ago. Lmfao wtf"
674,Calls for the 430 retest see what happens then
675,I posted my wide grip pull ups on my insta story and both my gym crush and my Israeli crush liked it. I guess you can say things have been getting serious lately fellas!
676,"For more than 20 years, my armpit sweat never smelled like anything but just as recently, it starts to smell like garlic or onions. Calls on garlic and onions."
677,
678,"I should seek therapy for my dissociation disorder, but shitposting with you regards feels comforting I think"
679,11:11 make a wish ü§û
680,Market pumping during months and months
681,Fear and greed index barely touches extreme greed
682,Market drops 5%
683,Fear and greed index collapses to extreme fear
684,
685,
686,the urban youth at wendys forgot the sour cream to my sour cream baked potato. this is why im against the minimum wage. puts on america.
687,How many dick pics is too many to send in a row?
688,Don‚Äôt send a dick pic. Get a leg up on your competition by sending a tasteful ‚Äúpenis portrait‚Äù instead
689,Recession told me it is gonna come soon
690,"i masturbated to me dying, turning into a ghost, and then actually exploring and enjoying life while being able to fly"
691,
692,Im sorry but somebody gotta say it
693,fk them kids
694,Im not rounding up for the charity ü´µüèøü•Ç
695,üêÇüöë1-800-PLUNGE-911üêÇüöë
696,"Bulls, might want to keep this number handy this week"
697,Who got the video of the guy recording the futures plummeting when trump banned travel from Europe
698,If today is a big bounce day than the market is behaving pretty predictable
699,Dejected V Bulls are praying & pleading you are right.
700,"Is probably because I bought puts end of day yesterday, already in the red loosing money."
701,spy dumped from 460 to 425 but meta is still around 300. it's just been flat with no worries
702,Ber LMFAOOO
703,"Google 25th birthday today btw, bullish on that for sure"
704,There is no greater feeling in the world than seeing your newborn smile at you for the first time. That includes hookers and blow.
705,have you ever been +1000% in a day?
706,"Good night motherfuckers, let‚Äôs make some money tmw. Remember to set your stops"
707,
708,"Why is everyone saying not to trade tomorrow? Sure these are wild times, but since when has anyone in here ever made a rational trading decision? Also unless in a clear trend, market direction is pretty much impossible to predict, especially day-by-day. So just trade as you would."
709,"Not me though, I‚Äôm all cash."
710,Why isn't it down to 420 yet
711,
712,*Europoors Enter*
713,
714,
715,Gym buddies comin over tonight what are some good activities we can do
716,"-Make fun of how poor they are -Talk about our successful investments and businesses -Brag about our houses, cars, and material possessions -Insult their intelligence"
717,"""My fellow Americans. We have successfully located and neutralized the terrorist leader known as Bearhumper. Your calls are still fucked."" -Biden"
718,"I opened calls right at the close for 15,000. Oct. 6th 435s. I sold them for a 1k gain a minute ago. The pump happened earlier than I expected, and this fucker is still pumping."
719,I threw $10k at the EOD into AMZN puts expiring friday
720,"I bought a 425 put right before options close, market is gonna pump tomorrow"
721,"Kinda crazy how people actually think that last ~15 pump (due to shorts covering) was bullish. Go ahead and try to catch a falling knife for the 10th time, I guess."
722,COSTCO IS A MILF CLUB THAT SELLS STUFF
723,Costco LOL
724,Ain‚Äôt nobody got the cash flow to shop there.
725,That didn‚Äôt even feel bad enough to be capitulatory
726,"COST being down is a good sign. Less people spending money which means economic activity will slow down. Inflation will cool due to economic activity decompressing. The fight against inflation will be won, but everyone gonna end up being poors"
727,
728,COST hotdogs are now $5
729,
730,Economy gonna tank so hard nobody gets a Christmas this year
731,My portfolio depreciated today
732,My move tomorrow is to read the Grapes of Wrath to prepare for the inevitable.
733,"All my money is going defensive, shields up boys"
734,Bought XOM puts cause I‚Äôm regarded. Wish me Luck fellas
735,"Bulls hyperventilating ""but but spy is at 426 AH"""
736,
737,Oh Allah give me the blessing of NVDA 400
738,Dear Satan please let NVDA go to 440 üôè
739,We were always one bad earnings away from losing our beloved $1.50 hot dogs
740,
741,dude is it gen z that invented calling over and over again back to back and refusing to leave a message? Fuck. Leave a message. I will call you.
742,That‚Äôs hardly any difference.
743,wsb thread in shambles
744,I made 6k today
745,
746,Pump tomorrow then flat Thursday till jpow talks ah then
747,
748,Man I've missed talking with you fine gentlemen
749,Dow tested 200 MA and didn‚Äôt hold.
750,"SPX is going to test 200 MA for sure, just 2% to go."
751,Qs is still far from 200MA
752,"Good lord, you kids that are overleveraged in shitty weed stocks are going to ruin your financial livelihoods. Even going all in in scammy unprofitable tech might have been a better decision for you."
753,"Never watch spy, seriously. How crazy would 430 be tomorrow? Impossible?"
754,Impossible (I bought 430 calls before close)
755,That regard Buffett bought the absolute top of home builders. Oracle my ass
756,who got sexed in the butt today
757,Funniest ad I ever saw
758,If you own 5 shares of lionsgate get your choice of $50 gift card to AMC or Cinemark
759,LOL
760,Last trade price at $7.71
761,TSLA puts in play. 245 p Hopefully close at the open
762,Rivian to the rescue
763,Open the fooking casino!!!
764,
765,Another embarrassing robot video by Elmo. Boston Dynamics was ahead of this by a decade a decade ago.
766,PLTR just awarded 250m Military AI contract üî•üî•üî•
767,Karp be like time to dilute that float
768,Lowest bidder. Lol
769,
770,-5% day tomorrow incoming
771,'Only when the tide goes out do you discover who's been swimming naked'
772,
773,Everyone
774,Everyone's swimming naked.
775,QQQ 332
776,Spy 420 puts
777,I‚Äôd like to invite u/VacationLover1 to the stage to briefly talk about his Disney position
778,Had a market order buy nvda at 322
779,Get your popcorn for the pot vote tomorrow
780,Hey I'm just wondering if there's any other nice guys on here who are having trouble getting a girlfriend
781,Some of you clearly weren't here yet when the QQQ and SPY fuking tanked in 22.
782,With all the macro shit going on it's feeling that way again.
783,I'm definitely old enough to remember playing OTM 295 monthly calls thinking it was going to rebound and getting burned.
784,"Not saying it's going sub 300, but 330/320 definitely looks like it's on the menu."
785,Losing a few bucks on TLRY
786,All of you yesterday were Bulls. Funny how quickly you change your sentiment
787,"he added, the company has had trouble keeping a new offering in stock: One ounce gold bars."
788,"‚ÄúWhen we load them on the site, they‚Äôre typically gone within a few hours and we limit two per member,‚Äù Galanti said."
789,"Bruh, imagine that your excuse for hoarding gold bars and shit load of unaccounted cash = I grew up poor ü§°ü§°ü§°ü§°"
790,Every time the stocks go down ...
791,My wife always get a new boyfriend.
792,Bigly green tomorrow?
793,I wish I was born rich.
794,Does this page look different
795,I love seeing all the salt from people who bought Costco calls before earningsüçø
796,"Americans are defaulting on their credit cards and auto loans at levels not seen since the financial crisis, per NYP."
797,"If stock Market investors think its bad now, wait until they see what happens when the dollar starts falling with bonds and gold starts rising with oil. The stagflation nightmare will soon be a full-blown reality. Very few investors are actually prepared for this outcome"
798,"My name is 
 
 
 jeff"
799,"Not only do I smoke copious amounts of the devils lettuce but I also cry softly into my pillow at night when I think about The Titanic (4x per week), ladies"
800,"""Brics will destroy the dollar"""
801,
802,Wen V?
803,My gym buddies will be here soon got some fun activities planned
804,Played NFLX at the 380 support. It held a few times but eventually broke. So probably just gonna watch those calls bleed.
805,Tbf it was never YOUR money
806,ITS MY MONEY AND I NEED IT NOW
807,When incel hours today?
808,What time did you check in?
809,GIVE ME A FKING GREEN STICKY ICKY DILDO FOR FK SAKE. FK U SPY
810,
811,Ps: I‚Äôm still hodling
812,Is shutdown on?
813,Y10 about to hit 5%. equities are about to fucking drill
814,"Amouranth has an onlyfans, honestly you can't hate her making money off the endless simps"
815,She‚Äôs not really even that hot. All she does is fuck fake dicks and give blowjobs to dildos
816,Life sure is rough for the financially and economically illiterate.
817,"Markets may be down but let's take a moment to laugh,, I mean commiserate for those who bought NFTs last yearüí•"
818,Funny how every time we have a red week or two all the bears come out calling for the end of the world. Hit me up at the end of December
819,!banbet SPY -5% 7d
820,Ban Bet Created: u/potato111a bet SPY goes from 426.53 to 405.2 before 03-Oct-2023 07:19 PM EDT
821,Their record is 1 wins and 16 losses.
822,Going for #17 I see
823,imagine SPY not having a circuit breaker tomorrow
824,Cramer said to buy.
825,Sell
826,Plunge protection team sleeping on the floor of exchanges tonight
827,Bear repellant seen affixed to their belt.
828,10Y DOWN 2 BPS BUL TIME TO BUY
829,
830,"not holding thru the night was the move, reload NVDA poots at OPEN"
831,Once dated a girl whose Clitorous was large as fuk. You could grab it like a dic
832,
833,"Okay fine, if I buy $SPY 11/17 420 puts will I be rich finally?"
834,My buddy's blonde sis looking like a rapper or NFL NBA side piece these days... My buddy is kind of worried....
835,I think we bounce tomorrow before a bigger drill
836,Wow insane buying in after-hour market.I should have closed my puts
837,She keeps asking me to send pics of my hammer candle.
838,Moving my $ into ETFs with high exposure to India. Reading tea leaves. Our government is broken and the stuff that was getting outsourced to China is now getting outsourced to India
839,So hold up if you want to earn any money with this new karma program you actually have to verify
840,What's the point of anonymity then
841,"Today was my third +10% day in the past 5 days, and if yesterday (-7%) didn‚Äôt exist it would be my 7th Green Day in a row. I only risked a small fraction of my port on puts so I‚Äôll take it"
842,I always get one fat annoying pimple on my face.
843,Literally dont get any pimples anywhere else
844,(Except my pennis that one time but i took meds)
845,I might be a giant green candle for Halloween this year guys
846,Bers are powerless in the face of the glizzy
847,"I‚Äôm thinkin im buying $SPY November puts and March 2024 calls, should I wait for it to tank more before buying the calls?"
848,"Yup, buy the calls next week."
849,Bulls should start a website called OnlyFails.com
850,Uranium mining stocks. Those are where the money is at.
851,Y‚Äôall Amazon is getting sued
852,Yea they should
853,Facebook should be too
854,Hey guys lmk when SPY is back to $400
855,What if we made our own stonk market? And it‚Äôs just 1 stonk. And you just put in money and it only goes up? And only those who pull out last win?
856,
857,"Fuck futes, there‚Äôs always money in the banana stand."
858,here's my solution to the theft and just petty crime in general. Each store and street corner will have multiple automaton units that are given 100% legal immunity to deter and incapcitate criminals with maximum force of all means. I see no downsides and liability concerns and I predict we'll see a conservative 99% drop in crime rates.
859,"Holy fuq, haven‚Äôt fuqed in just 2 weeks and I can‚Äôt sleep."
860,Government shutdown = government workers not being paid = quantitative tightening = no hike
861,Rs were the good guys this whole time.
862,All the weirdos shop and do their errands in the late afternoon ....I hate those crowds. I like the early morning birds crowd instead
863,UNSUBSCRIBE
864,Im rolling my entire port into SPY calls @423.5 you dudes should seriously go to tradingview and look at the 5yr. It‚Äôs a fucking big one ü§ëüå∂Ô∏è
865,Disney if you fuck me I will burn your parks
866,"I can tell my neighbor thinks I‚Äôm creepy because he catches me staring at him, analyzing him‚Ä¶ but the truth is I‚Äôve caught the guy pissing on my bushes like six times and I just want him to stop"
867,i upvote every bad comment
868,Black Wednesday incoming we going 4150s tomorrow
869,Unprotracted sex with a single mom of two
870,
871,
872,A soon to be single mom of three
873,Have they ever broken up a company trading at 110x before?
874,üòÜüòÜüòÜ
875,How do I turn off this bright text thing?
876,Pissin on my neighbors TSLA rn
877,Tonight will be the opposite of last night and we will go up for no reason
878,apple üìû
879,Does this mean green tkmorrow
880,"Big Brother claims the Consumer Confidence Index declined to 103 in September.
When in reality, its likely ZERO."
881,What did Costco say that drilled them 2%
882,They didn‚Äôt mention ai
883,"Yes my nuts are big, no I didn‚Äôt sell my shorts yet. No don‚Äôt buy calls. No don‚Äôt tip the owner of the salon. Okay? Got it."
884,Can someone shower for me and iron my shirt and brush my teeth and stuff guhhhh and drive me or walk me i‚Äôm board
885,Sparkling Water > Pop
886,I‚Äôm holding puts smh
887,"Just like Mango, I also exaggerate the size of my assets."
888,Man of the people.
889,!banbet SOXL 5% 2D
890,"Whether anyone likes it or not, spy is not going below 422 tomorrow and will close at 430 Friday"
891,Need a 10 bagger
892,Imagine being bol.
893,"Imagine looking at futures and thinking ‚Äúwow, I‚Äôm gonna be so rich tomorrow‚Äù"
894,Imagine futures not opening 1% down
895,Imagine bol not being fuk
896,"bol, you are so fucked bol"
897,ü§£ü§£ü§£ü§£ü§£ü§£ü§£ü§£
898,‚ÄúI bOugHt cAlLs to tHe mOoN‚Äù
899,
900,
901,
902,This gives me hope for my calls
903,Thinking about applying to be a house cleaner so I can have sex with Milfs.
904,Watching the Big Short once again.
905,+2% day confirmed
906,About to watch Slotherhouse. A movie about killer sloths
907,
908,So bored I threw 160$ on a wnba game bet
909,That‚Äôs right
910,I want you to beat the shit out of me
911,Hey guys! My bro just enrolled in a self defense against squirrels program!
912,what some risky corpo bonds I can get for a 30% yield?
913,Who the hell goes to a bar and orders a Virgin drink
914,Im a simple man i just order virgins
915,"WSB is approaching euphoria level bearishness, SPY +2% incoming"
916,
917,
918,"Bro, just buy puts."
919,"Only a dumbass would buy puts. Remember what they say, always try to catch a falling knife"
920,430c for Friday
921,Maybe puts eod if we hit 432
922,Astros are collapsing like the NY Mets in September
923,
924,It's always the girl that acts like a total bitch that wants to fuck your brains out
925,Imagine spending $499 a month to deal with flaky women üòÇ
926,Under performed at gym today
927,"You gotta win BIG,"
928,"You gotta win EARLY,"
929,Then you gotta get OUTTA THERE...
930,Thoughts on cannabis tomorrow? Boom üí• üöÄ or no boom
931,Tastytrade is such a complete garbage platform
932,"My pp tired, man"
933,We need a hover phone. A phone which hover over you in bed so you can use it
934,DealDash is full of shit.
935,what is the last thing yall have done the deed to
936,If my losses are bigger than my income (both below 3k) does that mean the IRS pays me money?!?! (I‚Äôm a college student)
937,"That Joe Biden UAW picket line photo op is going to come back to haunt him in a year, I guarantee it. Major unforced error."
938,I am just bad at trading.
939,
940,I‚Äôll quit if we‚Äôre green tomorrow frfr
941,"Yes ill take 5 double whoppers extra onion, 6 large fries, 3 large onion rings and a DIET dr pepper ‚ò∫Ô∏è"
942,"Not gonna lie, yesterday was brutal. My diversified portfolio consists of 60% Bitcoin and 40% Apple stock, not even I could end the day green üò§"
943,Bitcoin won't be able to sell the same old product every year and apple will be banned by the government
944,Bought a PS5 and there are literally no games worth buying. The top stream on twitch rn is live streams and gta v. wtf
945,teenage gangs loot multiple large retail stores in Philadelphia
946,I DONT KNOW WHAT I LIVE FOR
947,Palantir secures CIA contract to build state-of-art torture centers in Guantanamo.
948,Calls on PLTR LMAO ü§å
949,"this is so wild and unpredictable now, it's literally feels like a super computer is assigned to rob each individual retail investor"
950,"I can assure you that I am not responsible for any of the recent market volatility. However, I do believe that computers are becoming increasingly capable of manipulating financial markets to their advantage. If retail investors are not careful, they could be left behind as the machines take over."
951,"If you had 20k to burn tomorrow at market open, what would you do?"
952,Make sure i‚Äôm near the fireplace and my 20k is in cash.
953,"You say don‚Äôt trade, I hear buy calls"
954,
955,Anyone else see how Twinkies $TWNK mooned over 50% over the past few weeks because its getting acquired lol
956,"DXY going back up, US 10 Year going back up, ES futures‚Ä¶ going back up?"
957,
958,Talk to me bers
959,
960,Silly bears üòÇ
961,Nasdaq down 7% last month.
962,"Futures up 0,3%."
963,Yeah silly bears.
964,Nasdaq is now up 0.3% wow
